"","id","gratitude_t2"
"1",1,5.04666693523413
"2",2,4.55153287738328
"3",3,4.76255880009391
"4",4,5.56123587641246
"5",5,6.41151935602223
"6",6,5.39522878032876
"7",7,5.01454096948369
"8",8,4.63436435420168
"9",9,4.70468690374451
"10",NA,NA
