id,gratitude_t2
1,5.046666935
2,4.551532877
3,4.7625588
4,5.561235876
5,6.411519356
6,5.39522878
7,5.014540969
8,4.634364354
9,4.704686904
NA,NA
