id,cond,gratitude_t1,interdep,gender
1,Treatment,3.353287538,3.89054762,male
2,Treatment,4.76355778,3.877890334,female
3,Treatment,5.530219118,4.178832346,male
4,Treatment,2.271587183,1.59699581,female
5,Treatment,4.907668454,4.155929484,male
6,Control,4.980753098,3.637742355,female
7,Control,3.953997038,2.439095175,male
8,Control,3.980699737,3.47193765,female
9,Control,3.963770601,2.659188619,male
10,Control,3.654464062,2.9160021,female
